Car_Model,Brand,Car_Name,Car_Variant,Car_Transmission,KM_Driven,Owner_Type,Fuel_Type,Registration_ID,Monthly_EMI,Car_Price,Downpayment_Amount,Location
2016,Hyundai,i20,Active 1.2 S,Manual,"54,035 km",1st Owner,Petrol,DL7C-M3145,9834,5.03,0,"Sector-18, Noida"
2021,Maruti,S,PRESSO VXI PLUS AMT,Automatic,"27,032 km",1st Owner,Petrol,DL9C-AV5217,10127,5.18,0,"Sector-18, Noida"
2020,Maruti,Baleno,ZETA PETROL 1.2,Manual,"56,572 km",1st Owner,Petrol,UP16-CN8764,12864,6.58,0,"Sector-18, Noida"
2020,Maruti,Baleno,DELTA PETROL 1.2,Manual,"38,482 km",1st Owner,Petrol,UP16-CP6380,12238,6.26,0,"Sector-18, Noida"
2019,Datsun,Go,Plus A(O),Manual,"27,695 km",1st Owner,Petrol,UP14-EE2944,7820,4,0,"Sector-18, Noida"
2018,Skoda,Rapid,STYLE 1.6 MPI AT,Automatic,"70,102 km",1st Owner,Petrol,DL2C-AZ5462,14076,7.2,0,"Sector-18, Noida"
2023,Maruti,BREZZA,ZXI SMART HYBRID,Manual,"7,048 km",1st Owner,Petrol,UP16-EC5065,22936,12.05,0,"Sector-18, Noida"
2021,Hyundai,Verna,SX (O) 1.5 CRDI AT,Automatic,"63,807 km",1st Owner,Diesel,UP14-ES4949,21870,11.49,0,"Sector-18, Noida"
2017,Honda,City,1.5L I-VTEC VX,Manual,"99,063 km",1st Owner,Petrol,DL3C-CL6799,13392,6.85,0,"Sector-18, Noida"
2017,Tata,Zest,XT PETROL,Manual,"66,656 km",2nd Owner,CNG,DL10-CH8585,8563,4.38,0,"Sector-18, Noida"
2023,Tata,TIAGO,EV XT LONG RANGE,Automatic,"9,789 km",1st Owner,Electric,UP16-EB7391,17131,9,0,"Sector-18, Noida"
2017,Volkswagen,Vento,HIGHLINE PLUS 1.2 AT 16 ALLOY,Automatic,"95,879 km",2nd Owner,Petrol,DL1C-AF6948,12160,6.22,0,"Sector-18, Noida"
2019,MG,HECTOR,SHARP 2.0 DIESEL,Manual,"33,306 km",1st Owner,Diesel,DL8C-AZ1668,27961,12.86,0,"Sector-18, Noida"
2013,Hyundai,Verna,FLUIDIC 1.6 VTVT SX OPT,Manual,"91,163 km",1st Owner,Petrol,DL3C-BZ6929,10455,3.97,0,"Sector-18, Noida"
2010,Hyundai,Santro,Xing GLS,Manual,"55,306 km",1st Owner,Petrol,DL10-CA5638,10928,1.23,0,"Sector-18, Noida"
2018,Hyundai,Grand,i10 MAGNA 1.2 KAPPA VTVT,Manual,"40,186 km",1st Owner,Petrol,UP25-CL9236,8074,4.13,0,"Sector-18, Noida"
2022,Maruti,Celerio,VXI CNG,Manual,"23,928 km",1st Owner,CNG,DL9C-AZ2448,11613,5.94,0,"Sector-18, Noida"
2019,Hyundai,VENUE,SX 1.0 TURBO,Manual,"42,458 km",1st Owner,Petrol,UP16-CK6301,14193,7.26,0,"Sector-18, Noida"
2022,Hyundai,NEW,I20 N LINE N6 1.0 TURBO GDI IMT,Manual,"10,797 km",1st Owner,Petrol,UP14-FB0380,17492,9.19,0,"Sector-18, Noida"
2017,Tata,Tiago,XTA PETROL,Automatic,"1,02,235 km",1st Owner,Petrol,UP16-BU2809,8876,3.99,0,"Sector-18, Noida"
2016,Hyundai,i10,SPORTZ 1.1,Manual,"83,404 km",1st Owner,Petrol,UP14-DA8955,6061,3.1,0,"Sector-18, Noida"
2019,Hyundai,Elite,i20 MAGNA PLUS 1.4 CRDI,Manual,"60,699 km",1st Owner,Diesel,UP14-DZ3287,13970,6.28,0,"Sector-18, Noida"
2019,Renault,Duster,RXS OPT CVT,Automatic,"25,864 km",1st Owner,Petrol,DL12-CR5097,14975,7.66,0,"Sector-18, Noida"
2019,Jeep,Compass,LONGITUDE (O) 2.0 DIESEL,Manual,"87,927 km",1st Owner,Diesel,DL10-CM8549,22525,10.36,0,"Sector-18, Noida"
2017,Hyundai,Grand,i10 MAGNA 1.2 KAPPA VTVT,Manual,"73,491 km",1st Owner,CNG,DL4C-AX8347,7898,4.04,0,"Sector-18, Noida"
2018,Maruti,Baleno,DELTA PETROL 1.2,Manual,"73,594 km",1st Owner,Petrol,UP16-BY2021,9658,4.94,0,"Sector-18, Noida"
2017,Maruti,IGNIS,ZETA 1.2 AMT,Automatic,"86,424 km",1st Owner,Petrol,DL2C-AW8834,9325,4.77,0,"Sector-18, Noida"
2015,Nissan,Micra,XV CVT,Automatic,"54,767 km",1st Owner,Petrol,DL2C-AT5319,6784,3.47,0,"Sector-18, Noida"
2015,Volkswagen,Vento,HIGHLINE 1.6 MPI,Manual,"98,990 km",1st Owner,Petrol,UP16-BD2357,9912,5.07,0,"Sector-18, Noida"
2022,Tata,Tiago,XZ PLUS CNG,Manual,"36,087 km",1st Owner,CNG,DL3C-CV5282,12942,6.62,0,"Sector-18, Noida"
2023,Hyundai,NEW,I20 ASTA (O) 1.2 MT,Manual,"11,174 km",1st Owner,Petrol,UP32-PB9190,16959,8.91,0,"Sector-18, Noida"
2022,Tata,ALTROZ,XZA,Automatic,"19,606 km",1st Owner,Petrol,DL14-CF9417,15218,7.78,0,"Sector-18, Noida"
2011,Maruti,Alto,K10 VXI,Manual,"63,048 km",1st Owner,Petrol,UP25-AL7969,7532,1.6,0,"Sector-18, Noida"
2018,Maruti,IGNIS,DELTA 1.2 AMT,Automatic,"1,00,481 km",1st Owner,CNG,UP16-BU5759,9988,4.49,0,"Sector-18, Noida"
2021,Datsun,Redi,Go T(O),Manual,"41,535 km",2nd Owner,Petrol,DL8C-BC4138,6393,3.27,0,"Sector-18, Noida"
2022,Renault,TRIBER,RXL MT,Manual,"36,693 km",2nd Owner,Petrol,UP14-FC5723,12747,6.52,0,"Sector-18, Noida"
2017,Hyundai,Grand,i10 SPORTZ (O) 1.2 KAPPA VTVT,Manual,"73,097 km",1st Owner,Petrol,DL7C-M7549,7703,3.94,0,"Sector-18, Noida"
2019,Hyundai,Grand,i10 SPORTZ 1.2 KAPPA VTVT,Manual,"33,693 km",1st Owner,Petrol,UP14-EB0540,10049,5.14,0,"Sector-18, Noida"
2021,Maruti,Baleno,ZETA CVT PETROL 1.2,Automatic,"39,864 km",1st Owner,Petrol,DL5C-S7266,14721,7.53,0,"Sector-18, Noida"
2021,Maruti,New,Wagon-R LXI (O) 1.0,Manual,"9,292 km",1st Owner,Petrol,DL8C-BB5010,9521,4.87,0,"Sector-18, Noida"
2015,Honda,City,1.5L I-VTEC V MT,Manual,"41,293 km",1st Owner,Petrol,DL4C-AW5486,9325,4.77,0,"Sector-18, Noida"
2019,Maruti,Ciaz,ALPHA 1.5 SHVS PETROL,Manual,"41,735 km",1st Owner,Petrol,DL8C-AY0694,14350,7.34,0,"Sector-18, Noida"
2019,KIA,SELTOS,GTX 1.4 PETROL DUAL TONE,Manual,"11,707 km",2nd Owner,Petrol,DL14-CE8420,23774,12.49,0,"Sector-18, Noida"
2017,Hyundai,Grand,i10 MAGNA 1.2 KAPPA VTVT,Manual,"21,010 km",1st Owner,Petrol,DL3C-CM6985,9052,4.63,0,"Sector-18, Noida"
2010,Maruti,Swift,Dzire ZXI,Manual,"96,995 km",1st Owner,Petrol,DL5C-H5907,15993,1.8,0,"Sector-18, Noida"
2020,Hyundai,AURA,SX+ 1.0 TURBO GDI MT,Manual,"63,013 km",1st Owner,Petrol,UP16-CR3281,13607,6.96,0,"Sector-18, Noida"
2018,Hyundai,Xcent,S 1.2,Manual,"34,834 km",1st Owner,Petrol,UP14-DY1019,9677,4.95,0,"Sector-18, Noida"
2018,Maruti,Celerio,X ZXI (O) AMT,Automatic,"50,012 km",1st Owner,Petrol,DL2C-AY3923,8035,4.11,0,"Sector-18, Noida"
2020,KIA,CARNIVAL,PREMIUM 2.2 7 STR,Automatic,"66,902 km",1st Owner,Diesel,UP80-FU9596,36475,19.16,0,"Sector-18, Noida"
2013,Maruti,Swift,VXI,Manual,"99,639 km",1st Owner,Petrol,UP15-BC9682,7979,3.03,0,"Sector-18, Noida"
2021,Maruti,Alto,VXI,Manual,"54,855 km",1st Owner,Petrol,UP14-EU4732,6784,3.47,0,"Sector-18, Noida"
2019,Maruti,Celerio,ZXI AMT,Automatic,"74,343 km",1st Owner,Petrol,DL3C-CR6627,8446,4.32,0,"Sector-18, Noida"
2019,Tata,Harrier,XZ 2.0L,Manual,"52,622 km",1st Owner,Diesel,UP14-DY7472,25830,11.88,0,"Sector-18, Noida"
2018,Maruti,Ciaz,SIGMA 1.5 SHVS MT PETROL,Manual,"42,990 km",1st Owner,Petrol,DL3C-CQ5445,12590,6.44,0,"Sector-18, Noida"
2022,Maruti,New,Wagon-R LXI 1.0,Manual,"12,540 km",1st Owner,Petrol,UP15-DX8713,9814,5.02,0,"Sector-18, Noida"
2018,Honda,BR-V,1.5L I-VTEC S,Manual,"64,547 km",1st Owner,Petrol,UP14-DP9338,15171,7.76,0,"Sector-18, Noida"
2017,Maruti,Celerio,VXI AMT,Automatic,"80,495 km",1st Owner,Petrol,DL2C-AX6932,7136,3.65,0,"Sector-18, Noida"
2018,Hyundai,Elite,i20 ASTA 1.2 (O),Manual,"48,575 km",3rd Owner,Petrol,DL5C-P6482,10577,5.41,0,"Sector-18, Noida"
2017,Hyundai,Elite,i20 SPORTZ 1.2,Manual,"43,570 km",1st Owner,Petrol,DL8C-AS9120,10440,5.34,0,"Sector-18, Noida"
2015,Hyundai,Grand,i10 ASTA AT 1.2 KAPPA VTVT,Automatic,"49,639 km",2nd Owner,Petrol,UP16-BB2741,8367,4.28,0,"Sector-18, Noida"
2020,Maruti,S,PRESSO VXI+,Manual,"43,002 km",2nd Owner,Petrol,DL12-CT0809,7546,3.86,0,"Sector-18, Noida"
2021,Datsun,Redi,Go T,Manual,"36,052 km",1st Owner,Petrol,DL14-CF6170,7038,3.6,0,"Sector-18, Noida"
2020,Tata,NEXON,XZA PLUS (O) PETROL DUAL TONE,Automatic,"37,456 km",2nd Owner,Petrol,DL9C-BB0259,16426,8.63,0,"Sector-18, Noida"
2020,Maruti,New,Wagon-R LXI CNG (O) 1.0,Manual,"72,472 km",1st Owner,CNG,DL8C-AZ8877,9912,5.07,0,"Sector-18, Noida"
2021,Tata,NEXON,XZA PLUS SUNROOF PETROL,Automatic,"43,424 km",1st Owner,Petrol,UP16-DA1521,18101,9.51,0,"Sector-18, Noida"
2012,Maruti,Ertiga,LXI,Manual,"52,584 km",2nd Owner,Petrol,DL3C-CB0272,13020,3.92,0,"Sector-18, Noida"
2019,Maruti,Ciaz,SIGMA 1.5 SHVS MT PETROL,Manual,"66,068 km",1st Owner,Petrol,DL8C-AY1053,13353,6.83,0,"Sector-18, Noida"
2014,Honda,City,1.5L I-VTEC V MT,Manual,"75,245 km",2nd Owner,Petrol,DL3C-BE9260,10321,4.64,0,"Sector-18, Noida"
2011,Toyota,Etios,VX,Manual,"95,917 km",1st Owner,Petrol,DL9C-AA1746,9415,2,0,"Sector-18, Noida"
2017,Hyundai,Grand,i10 MAGNA 1.2 KAPPA VTVT,Manual,"24,376 km",1st Owner,Petrol,DL12-CM1051,8895,4.55,0,"Sector-18, Noida"
2013,Honda,Amaze,1.2L I-VTEC S,Manual,"42,649 km",1st Owner,Petrol,DL9C-U4952,7900,3,0,"Sector-18, Noida"
2016,Maruti,Baleno,DELTA PETROL 1.2,Manual,"87,766 km",1st Owner,Petrol,DL5C-N4384,8974,4.59,0,"Sector-18, Noida"
2018,Hyundai,Grand,i10 MAGNA 1.2 KAPPA VTVT,Manual,"41,163 km",3rd Owner,Petrol,DL12-CN1721,7546,3.86,0,"Sector-18, Noida"
2020,Maruti,Baleno,ZETA PETROL 1.2,Manual,"57,169 km",1st Owner,Petrol,DL9C-AT8627,12434,6.36,0,"Sector-18, Noida"
2021,Renault,Kwid,RXL 1.0 AMT,Automatic,"27,646 km",1st Owner,Petrol,DL12-CU0235,8446,4.32,0,"Sector-18, Noida"
2019,Mahindra,XUV300,W8 1.2 PETROL,Manual,"17,531 km",1st Owner,Petrol,DL10-CM3302,15140,7.74,0,"Sector-18, Noida"
2019,Maruti,Baleno,ZETA PETROL 1.2,Manual,"43,478 km",1st Owner,Petrol,DL9C-AS2793,11789,6.03,0,"Sector-18, Noida"
2020,Maruti,Baleno,ALPHA PETROL 1.2,Manual,"65,829 km",2nd Owner,Petrol,DL2C-BB4257,11984,6.13,0,"Sector-18, Noida"
2022,Tata,NEXON,XZA PLUS PETROL,Automatic,"12,616 km",1st Owner,Petrol,UP14-FC4931,18787,9.87,0,"Sector-18, Noida"
2012,Hyundai,i10,MAGNA 1.2,Manual,"30,532 km",1st Owner,Petrol,DL2C-AR0957,6942,2.09,0,"Sector-18, Noida"
2022,Maruti,New,Wagon-R ZXI 1.2,Manual,"13,103 km",1st Owner,Petrol,DL11-CC9613,11105,5.68,0,"Sector-18, Noida"
2018,Maruti,Ciaz,ALPHA AT 1.5 SHVS PETROL,Automatic,"1,04,059 km",1st Owner,Petrol,DL7C-Q6138,15141,6.81,0,"Sector-18, Noida"
2019,Maruti,Ciaz,DELTA AT 1.5 SHVS PETROL,Automatic,"31,431 km",1st Owner,Petrol,UP14-EC1226,15523,7.94,0,"Sector-18, Noida"
2016,Maruti,Ciaz,ZXI,Manual,"1,07,298 km",1st Owner,Petrol,DL3C-CK8131,10544,4.74,0,"Sector-18, Noida"
2019,Hyundai,VENUE,SX PLUS 1.0 TURBO DCT,Automatic,"29,044 km",2nd Owner,Petrol,UP16-CH4695,16243,8.53,0,"Sector-18, Noida"
2018,Honda,Amaze,1.2L I-VTEC S CVT,Automatic,"49,543 km",2nd Owner,Petrol,DL1C-Z9729,10811,5.53,0,"Sector-18, Noida"
2012,Hyundai,i10,SPORTZ 1.2,Manual,"65,838 km",2nd Owner,Petrol,DL3C-BZ1603,6942,2.09,0,"Sector-18, Noida"
2021,Maruti,Baleno,DELTA PETROL 1.2,Manual,"18,460 km",2nd Owner,Petrol,DL8C-BB7006,11671,5.97,0,"Sector-18, Noida"
2019,Mahindra,XUV500,W5,Manual,"54,955 km",2nd Owner,Diesel,UP14-DZ1469,19677,9.05,0,"Sector-18, Noida"
2016,Maruti,Ciaz,ZXI+ RS,Manual,"50,234 km",2nd Owner,Petrol,DL4C-AU6188,9990,5.11,0,"Sector-18, Noida"
2022,Renault,Kwid,RXT 1.0,Manual,"15,260 km",1st Owner,Petrol,DL7C-U2746,8461,4.33,0,"Sector-18, Noida"
2018,Hyundai,Creta,1.6 CRDI SX PLUS AUTO,Automatic,"60,349 km",1st Owner,Diesel,DL8C-AT7852,24450,9.46,0,"Sector-18, Noida"
2017,Honda,Amaze,1.2L I-VTEC S,Manual,"68,484 km",2nd Owner,Petrol,DL3C-CL4893,8856,4.53,0,"Sector-18, Noida"
2020,Renault,Kwid,RXT 1.0 AMT (O),Automatic,"12,381 km",1st Owner,Petrol,DL9C-AT9290,8250,4.22,0,"Sector-18, Noida"
2017,Maruti,Ciaz,ALPHA 1.4 PETROL,Manual,"77,919 km",1st Owner,Petrol,DL1C-X2464,11750,6.01,0,"Sector-18, Noida"
2017,Maruti,Baleno,ALPHA PETROL 1.2,Manual,"65,806 km",1st Owner,Petrol,DL9C-AN8226,9834,5.03,0,"Sector-18, Noida"
2014,Maruti,Ciaz,VXI,Manual,"58,200 km",1st Owner,Petrol,DL1C-S5949,9165,4.12,0,"Sector-18, Noida"
2017,Maruti,Ciaz,ZETA 1.4 AT PETROL,Automatic,"63,948 km",1st Owner,Petrol,DL2C-AY2295,13054,6.68,0,"Sector-18, Noida"
2021,Skoda,Rapid,MONTE CARLO TSI,Manual,"43,461 km",2nd Owner,Petrol,DL10-CP7214,16522,8.68,0,"Sector-18, Noida"
2019,Mahindra,XUV500,W11 AT,Automatic,"52,998 km",2nd Owner,Diesel,UP16-CD3349,26874,12.36,0,"Sector-18, Noida"
2018,Maruti,Baleno,ZETA CVT PETROL 1.2,Automatic,"36,969 km",1st Owner,Petrol,UP32-KB1470,12864,6.58,0,"Sector-18, Noida"
2019,Maruti,Baleno,ALPHA PETROL 1.2,Manual,"48,887 km",1st Owner,Petrol,DL5C-R0884,12532,6.41,0,"Sector-18, Noida"
2015,Hyundai,Elite,i20 MAGNA 1.2,Manual,"84,601 km",1st Owner,Petrol,DL8C-AK5536,8563,4.38,0,"Sector-18, Noida"
2021,Tata,Safari,XZ,Manual,"30,203 km",1st Owner,Diesel,DL12-CU2961,30359,15.95,0,"Sector-18, Noida"
2017,Maruti,Dzire,LXI,Manual,"22,263 km",1st Owner,Petrol,DL2C-AX4043,9365,4.79,0,"Sector-18, Noida"
2022,Renault,Kwid,RXT 1.0 (O),Manual,"7,162 km",1st Owner,Petrol,DL3C-CW5458,8563,4.38,0,"Sector-18, Noida"
2014,Hyundai,Xcent,SX 1.2,Manual,"57,224 km",1st Owner,Petrol,DL7C-P8136,8008,3.6,0,"Sector-18, Noida"
2017,Hyundai,Grand,i10 MAGNA 1.2 KAPPA VTVT,Manual,"79,122 km",1st Owner,Petrol,DL5C-N6817,8367,4.28,0,"Sector-18, Noida"
2019,Honda,Amaze,1.2L I-VTEC VX,Manual,"67,922 km",1st Owner,Petrol,DL4C-AZ1582,11378,5.82,0,"Sector-18, Noida"
2011,Toyota,Etios,V,Manual,"68,623 km",2nd Owner,Petrol,DL1C-AF1193,9697,2.06,0,"Sector-18, Noida"
2018,Maruti,Ciaz,ZETA 1.4 AT PETROL,Automatic,"1,19,884 km",1st Owner,Petrol,UP16-BV1518,16817,7.56,0,"Sector-18, Noida"
2017,Maruti,Swift,ZXI,Manual,"68,287 km",1st Owner,Petrol,DL5C-P5656,9951,5.09,0,"Sector-18, Noida"
2019,Mahindra,XUV500,W5,Manual,"45,630 km",1st Owner,Diesel,DL8C-AX3991,21982,10.11,0,"Sector-18, Noida"
2017,Maruti,Baleno,ZETA PETROL 1.2,Manual,"54,948 km",2nd Owner,Petrol,DL12-CL7409,9267,4.74,0,"Sector-18, Noida"
2021,Renault,Kiger,RXZ TURBO MT,Manual,"46,266 km",2nd Owner,Petrol,DL7C-V1648,13959,7.14,0,"Sector-18, Noida"
2017,Maruti,Baleno,DELTA PETROL 1.2,Manual,"32,348 km",1st Owner,Petrol,DL10-CJ0731,9501,4.86,0,"Sector-18, Noida"
2019,Hyundai,VENUE,SX 1.0 TURBO,Manual,"48,008 km",1st Owner,Petrol,DL8C-AY2755,15412,8.1,0,"Sector-18, Noida"
2018,Honda,Amaze,1.2L I-VTEC V CVT,Automatic,"78,091 km",1st Owner,CNG,DL8C-DC0777,11789,6.03,0,"Sector-18, Noida"
2022,Maruti,Swift,ZXI PLUS,Manual,"24,626 km",1st Owner,Petrol,DL3C-CW3817,14799,7.57,0,"Sector-18, Noida"
2015,Maruti,Baleno,DELTA PETROL 1.2,Manual,"69,216 km",1st Owner,Petrol,DL12-CJ2428,8758,4.48,0,"Sector-18, Noida"
2012,Maruti,Swift,Dzire VXI,Manual,"43,425 km",2nd Owner,Petrol,DL2C-AP2290,8669,2.61,0,"Sector-18, Noida"
2011,Hyundai,i20,SPORTZ 1.2,Manual,"99,510 km",1st Owner,Petrol,DL8C-T9313,10027,2.13,0,"Sector-18, Noida"
2011,Hyundai,i20,MAGNA (O) 1.2,Manual,"43,790 km",1st Owner,Petrol,DL10-CA9392,11580,2.46,0,"Sector-18, Noida"
2012,Maruti,Swift,Dzire VXI,Manual,"51,629 km",1st Owner,Petrol,DL9C-AD2113,9267,2.79,0,"Sector-18, Noida"
2014,Maruti,Swift,Dzire VXI,Manual,"74,185 km",1st Owner,Petrol,DL2C-AS9634,7496,3.37,0,"Sector-18, Noida"
2016,Hyundai,Grand,i10 ASTA 1.2 KAPPA VTVT,Manual,"97,399 km",1st Owner,Petrol,DL12-CJ4740,8289,4.24,0,"Sector-18, Noida"
2017,Hyundai,Grand,i10 MAGNA 1.2 KAPPA VTVT,Manual,"60,443 km",1st Owner,Petrol,DL8C-AQ7884,8113,4.15,0,"Sector-18, Noida"
2019,Hyundai,VENUE,SX PLUS 1.0 TURBO DCT,Automatic,"70,908 km",1st Owner,Petrol,DL8C-AY4539,17683,9.29,0,"Sector-18, Noida"
2020,Maruti,New,Wagon-R LXI 1.0,Manual,"20,914 km",1st Owner,Petrol,DL5C-S2289,9234,4.72,0,"Sector-18, Noida"
2019,Hyundai,NEW,SANTRO ERA EXECUTIVE,Manual,"69,331 km",1st Owner,Petrol,DL9C-AS5126,7605,3.89,0,"Sector-18, Noida"
2021,Skoda,Rapid,STYLE TSI,Manual,"13,471 km",1st Owner,Petrol,UP16-CZ3865,18132,9.53,0,"Sector-18, Noida"
2019,Datsun,Redi,Go A,Manual,"22,317 km",1st Owner,Petrol,DL7C-R4758,4751,2.43,0,"Sector-18, Noida"
2015,Hyundai,i20,Active 1.2 SX,Manual,"51,090 km",1st Owner,Petrol,DL8C-AM5323,9325,4.77,0,"Sector-18, Noida"
2017,Hyundai,Verna,1.6 VTVT SX,Manual,"79,384 km",2nd Owner,Petrol,DL8C-AS3904,13470,6.89,0,"Sector-18, Noida"
2011,Honda,City,1.5L I-VTEC S MT,Manual,"88,490 km",1st Owner,Petrol,DL4C-NC6086,12333,2.62,0,"Sector-18, Noida"
2022,KIA,CARENS,LUXURY PLUS 1.4 PETROL 6 STR,Manual,"13,171 km",1st Owner,Petrol,DL8C-BD8603,28665,15.06,0,"Sector-18, Noida"
2018,Hyundai,Creta,SX 1.6 PETROL,Manual,"53,315 km",1st Owner,Petrol,DL12-CQ4785,17607,9.25,0,"Sector-18, Noida"
2017,Maruti,Baleno,DELTA PETROL 1.2,Manual,"65,897 km",1st Owner,Petrol,DL5C-N6683,8915,4.56,0,"Sector-18, Noida"
2014,Hyundai,Elite,i20 MAGNA 1.2,Manual,"52,966 km",2nd Owner,Petrol,DL10-CS5517,8742,3.93,0,"Sector-18, Noida"
2022,Maruti,New,Wagon-R LXI CNG 1.0,Manual,"6,799 km",1st Owner,CNG,DL3C-CX2648,11808,6.04,0,"Sector-18, Noida"
2018,Hyundai,Grand,i10 MAGNA AT 1.2 KAPPA VTVT,Automatic,"44,018 km",1st Owner,Petrol,DL8C-AU7451,9892,5.06,0,"Sector-18, Noida"
2015,Honda,Jazz,1.2L I-VTEC V AT,Automatic,"40,511 km",1st Owner,Petrol,DL14-CC1688,8817,4.51,0,"Sector-18, Noida"
2019,Renault,Duster,110 PS RXS MT DIESEL,Manual,"40,838 km",1st Owner,Diesel,UP16-CN4535,16861,7.58,0,"Sector-18, Noida"
2017,Honda,Amaze,1.2L I-VTEC S,Manual,"65,833 km",1st Owner,Petrol,DL4C-AX3152,8465,4.33,0,"Sector-18, Noida"
2017,Hyundai,Grand,i10 MAGNA 1.2 KAPPA VTVT,Manual,"26,617 km",1st Owner,Petrol,DL7C-M9405,8328,4.26,0,"Sector-18, Noida"
2020,Honda,Amaze,1.2L I-VTEC S,Manual,"47,733 km",2nd Owner,Petrol,DL8C-BA3683,10186,5.21,0,"Sector-18, Noida"
2022,KIA,CARENS,LUXURY PLUS 1.4 PETROL 6 STR,Manual,"24,315 km",1st Owner,Petrol,UP16-DD6854,29960,15.74,0,"Sector-18, Noida"
2021,Maruti,S,PRESSO VXI+,Manual,"12,058 km",1st Owner,Petrol,DL12-CT4526,9110,4.66,0,"Sector-18, Noida"
2017,Honda,Jazz,1.2L I-VTEC S,Manual,"59,577 km",1st Owner,Petrol,DL1C-W3727,8543,4.37,0,"Sector-18, Noida"
2017,Maruti,Ciaz,ZETA 1.4 MT PETROL,Manual,"33,161 km",1st Owner,Petrol,UP14-DL0551,12688,6.49,0,"Sector-18, Noida"
2021,Maruti,Baleno,DELTA PETROL 1.2,Manual,"20,120 km",1st Owner,Petrol,UP16-CW3549,13001,6.65,0,"Sector-18, Noida"
2021,Honda,City,1.5L I-VTE V CVT,Automatic,"19,655 km",1st Owner,Petrol,UP14-ES3633,21318,11.2,0,"Sector-18, Noida"
2019,KIA,SELTOS,HTX 1.5 PETROL,Manual,"32,031 km",1st Owner,Petrol,UP14-EH5550,21451,11.27,0,"Sector-18, Noida"
2022,Tata,TIGOR,XZ PLUS CNG,Manual,"38,888 km",1st Owner,CNG,DL14-CG1694,15542,7.95,0,"Sector-18, Noida"
2020,Maruti,XL6,ALPHA AT,Automatic,"49,954 km",1st Owner,Petrol,UP14-EL4749,18977,9.97,0,"Sector-18, Noida"
2014,Hyundai,i10,MAGNA 1.1,Manual,"84,017 km",1st Owner,Petrol,UP15-BK2208,5539,2.49,0,"Sector-18, Noida"
2015,Maruti,Swift,LXI (O),Manual,"41,724 km",1st Owner,Petrol,UP14-CM5485,7488,3.83,0,"Sector-18, Noida"
2018,Renault,Duster,RXL PETROL,Manual,"98,688 km",1st Owner,Petrol,UP14-DN1159,10889,5.57,0,"Sector-18, Noida"
2017,Hyundai,Elite,i20 ASTA 1.2 (O),Manual,"39,464 km",1st Owner,Petrol,UP14-DJ6336,11613,5.94,0,"Sector-18, Noida"
2020,Hyundai,GRAND,I10 NIOS SPORTZ 1.2 KAPPA VTVT,Manual,"43,846 km",2nd Owner,Petrol,DL1C-AC6353,10107,5.17,0,"Sector-18, Noida"
2022,Maruti,IGNIS,ZETA 1.2,Manual,"14,907 km",1st Owner,Petrol,DL7C-U6063,11535,5.9,0,"Sector-18, Noida"
2021,Toyota,URBAN,CRUISER PREMIUM GRADE MT,Manual,"42,381 km",1st Owner,Petrol,UP14-EW1260,17254,9.06,0,"Sector-18, Noida"
2019,Honda,City,1.5L I-VTE V CVT,Automatic,"48,227 km",2nd Owner,Petrol,DL10-CL8530,16236,8.53,0,"Sector-18, Noida"
2017,Tata,Tiago,XZA PETROL,Automatic,"43,322 km",2nd Owner,Petrol,UP14-DM2819,7859,4.02,0,"Sector-18, Noida"
2021,Tata,Tiago,XZ PETROL,Manual,"47,603 km",1st Owner,Petrol,UP37-P4536,10772,5.51,0,"Sector-18, Noida"
2022,Nissan,MAGNITE,XL,Manual,"13,045 km",1st Owner,Petrol,UP16-DD6777,12512,6.4,0,"Sector-18, Noida"
2016,Maruti,Celerio,VXI AMT,Automatic,"68,891 km",1st Owner,Petrol,DL9C-AL6205,6940,3.55,0,"Sector-18, Noida"
2019,Mahindra,Scorpio,S9,Manual,"37,999 km",1st Owner,Diesel,UP16-CN4777,26634,12.25,0,"Sector-18, Noida"
2017,Maruti,Celerio,VXI CNG,Manual,"1,03,154 km",1st Owner,CNG,DL2C-AX0795,8186,3.68,0,"Sector-18, Noida"
2020,Tata,Tiago,XZA PLUS PETROL,Automatic,"34,644 km",1st Owner,Petrol,UP16-CP7289,11593,5.93,0,"Sector-18, Noida"
2021,Mahindra,Thar,LX PETROL HT 4WD AT,Automatic,"30,914 km",1st Owner,Petrol,UP16-CY8305,27485,14.44,0,"Sector-18, Noida"
2014,Hyundai,Grand,i10 SPORTZ 1.2 KAPPA VTVT,Manual,"92,619 km",1st Owner,Petrol,DL8C-AE4328,7296,3.28,0,"Sector-18, Noida"
2023,Tata,PUNCH,CREATIVE AMT 1.2 RTN DUAL TONE,Automatic,893 km,1st Owner,Petrol,UP16-DS5985,16978,8.92,0,"Sector-18, Noida"
2013,Volkswagen,Vento,HIGHLINE 1.6 MPI,Manual,"83,968 km",1st Owner,Petrol,UP16-AR3562,8532,3.24,0,"Sector-18, Noida"
2019,Ford,Ecosport,TITANIUM 1.5L PETROL,Manual,"98,296 km",2nd Owner,Petrol,UP81-CE9739,11984,6.13,0,"Sector-18, Noida"
2018,Maruti,Wagon,R 1.0 LXI CNG,Manual,"72,457 km",1st Owner,CNG,DL6C-R3569,7918,4.05,0,"Sector-18, Noida"
2023,Maruti,New,Wagon-R LXI CNG 1.0,Manual,"14,131 km",1st Owner,CNG,DL7C-V1602,12571,6.43,0,"Sector-18, Noida"
2017,Maruti,Alto,K10 VXI (O) AMT,Automatic,"49,080 km",1st Owner,Petrol,UP16-BR5330,6667,3.41,0,"Sector-18, Noida"
2023,Maruti,S,PRESSO VXI PLUS (O) AMT,Automatic,"6,333 km",1st Owner,Petrol,DL7C-U9574,10968,5.61,0,"Sector-18, Noida"
2022,Maruti,Ciaz,ZETA 1.5 SHVS MT PETROL,Manual,"15,892 km",1st Owner,Petrol,UP16-DM4006,17854,9.38,0,"Sector-18, Noida"
2018,Tata,Tiago,XT PETROL,Manual,"94,153 km",1st Owner,Petrol,UP16-BU3561,8055,4.12,0,"Sector-18, Noida"
2015,Honda,Amaze,1.2L I-VTEC E,Manual,"41,439 km",1st Owner,Petrol,UP16-BB9615,6745,3.45,0,"Sector-18, Noida"
2014,Maruti,Ciaz,VXI+,Manual,"74,819 km",2nd Owner,Petrol,DL8C-AD3102,8475,3.81,0,"Sector-18, Noida"
2011,Maruti,Ritz,LXI,Manual,"41,282 km",1st Owner,Petrol,DL1C-N3871,8332,1.77,0,"Sector-18, Noida"
2019,Hyundai,Creta,E PLUS 1.6 PETROL,Manual,"17,333 km",1st Owner,Petrol,DL12-CQ7707,17530,9.21,0,"Sector-18, Noida"
2013,Volkswagen,Vento,HIGHLINE 1.6 MPI,Manual,"1,00,021 km",1st Owner,Petrol,DL3C-BW3163,9849,3.74,0,"Sector-18, Noida"
2021,KIA,SONET,HTX 1.0 IMT,Manual,"24,996 km",1st Owner,Petrol,DL4C-BA5666,16921,8.89,0,"Sector-18, Noida"
2013,Honda,Brio,S MT,Manual,"77,423 km",1st Owner,Petrol,DL4C-AN7344,6610,2.51,0,"Sector-18, Noida"
2019,KIA,SELTOS,HTX 1.5 PETROL,Manual,"68,033 km",1st Owner,Petrol,DL10-CN4435,19148,10.06,0,"Sector-18, Noida"
2021,MG,HECTOR,SHARP 1.5 DCT PETROL,Automatic,"39,015 km",1st Owner,Petrol,DL3C-CT5157,30455,16,0,"Sector-18, Noida"
2020,Hyundai,Creta,SX (O) 1.4 TURBO DCT,Automatic,"57,460 km",1st Owner,Petrol,DL4C-AZ9997,27390,14.39,0,"Sector-18, Noida"
2020,Maruti,Baleno,DELTA PETROL 1.2,Manual,"27,940 km",2nd Owner,Petrol,UP14-EL4097,11906,6.09,0,"Sector-18, Noida"
2017,Maruti,Celerio,VXI,Manual,"56,638 km",1st Owner,Petrol,DL2C-AX3587,7214,3.69,0,"Sector-18, Noida"
2018,Maruti,Alto,K10 VXI,Manual,"33,269 km",2nd Owner,Petrol,DL12-CN1065,6334,3.24,0,"Sector-18, Noida"
2022,Hyundai,GRAND,I10 NIOS SPORTZ 1.2 KAPPA VTVT,Manual,"15,600 km",1st Owner,Petrol,DL5C-T6186,13157,6.73,0,"Sector-18, Noida"
2014,Maruti,Wagon,R 1.0 VXI,Manual,"47,355 km",1st Owner,Petrol,DL2C-AU0731,6286,2.83,0,"Sector-18, Noida"
2019,Mahindra,TUV300,T10,Manual,"38,862 km",2nd Owner,Diesel,DL10-CN1392,17624,7.92,0,"Sector-18, Noida"
2020,Tata,ALTROZ,XZ PETROL,Manual,"30,195 km",2nd Owner,Petrol,DL9C-AT2687,12004,6.14,0,"Sector-18, Noida"
2018,Maruti,Ciaz,DELTA 1.5 SHVS MT PETROL,Manual,"15,115 km",1st Owner,Petrol,DL7C-Q5643,14017,7.17,0,"Sector-18, Noida"
2014,Volkswagen,Polo,HIGHLINE1.2L,Manual,"93,360 km",1st Owner,Petrol,DL10-CC3866,7719,3.47,0,"Sector-18, Noida"
2014,Honda,City,1.5L I-VTEC SV CVT,Automatic,"47,095 km",2nd Owner,Petrol,DL4C-NC9676,11300,5.08,0,"Sector-18, Noida"
2013,Volkswagen,Polo,HIGHLINE1.2L,Manual,"65,451 km",1st Owner,Petrol,DL8C-Y2076,8532,3.24,0,"Sector-18, Noida"
2016,Maruti,Baleno,DELTA PETROL 1.2,Manual,"94,626 km",1st Owner,Petrol,DL12-CK2180,8612,4.41,0,"Sector-18, Noida"
2014,Hyundai,Xcent,S (O) 1.2,Manual,"89,712 km",2nd Owner,Petrol,DL3C-CD0169,6985,3.14,0,"Sector-18, Noida"
2018,Hyundai,Verna,1.6 VTVT SX (O) AT,Automatic,"13,069 km",1st Owner,Petrol,DL5C-P6652,16978,8.92,0,"Sector-18, Noida"
2021,Hyundai,NEW,SANTRO MAGNA,Manual,"13,421 km",1st Owner,Petrol,DL9C-AW9112,9619,4.92,0,"Sector-18, Noida"
2022,Tata,NEXON,XM SUNROOF PETROL,Manual,"21,794 km",1st Owner,Petrol,DL9C-AX9739,15684,8.24,0,"Sector-18, Noida"
2021,Mahindra,Thar,LX PETROL HT 4WD AT,Automatic,"25,085 km",1st Owner,Petrol,DL8C-BC7590,26990,14.18,0,"Sector-18, Noida"
2014,Hyundai,i20,SPORTZ 1.2,Manual,"54,137 km",1st Owner,Petrol,DL8C-AE4094,8319,3.74,0,"Sector-18, Noida"
2019,Ford,Ecosport,TITANIUM 1.5L DIESEL,Manual,"78,701 km",1st Owner,Diesel,DL10-CN2314,15762,7.09,0,"Sector-18, Noida"
2020,Toyota,Glanza,V CVT,Automatic,"4,496 km",1st Owner,Petrol,DL10-CN8924,15265,8.02,0,"Sector-18, Noida"
2022,Hyundai,GRAND,I10 NIOS SPORTZ 1.2 KAPPA VTVT CNG,Manual,"25,013 km",1st Owner,CNG,DL7C-S7931,13978,7.15,0,"Sector-18, Noida"
2022,Hyundai,GRAND,I10 NIOS SPORTZ 1.2 KAPPA VTVT,Manual,"17,035 km",1st Owner,Petrol,DL5C-T9674,13060,6.68,0,"Sector-18, Noida"
2015,Volkswagen,Polo,GT TSI AT,Automatic,"48,449 km",1st Owner,Petrol,UP15-BU7997,9384,4.8,0,"Sector-18, Noida"
2018,Datsun,Redi,Go T (O),Manual,"41,096 km",2nd Owner,Petrol,DL8C-AV2944,4438,2.27,0,"Sector-18, Noida"
2018,Maruti,Celerio,VXI CNG,Manual,"36,972 km",1st Owner,CNG,DL9C-AQ3824,10127,5.18,0,"Sector-18, Noida"
2019,Mahindra,XUV300,W4 1.5 DIESEL,Manual,"21,843 km",2nd Owner,Diesel,DL8C-AY6402,17061,7.67,0,"Sector-18, Noida"
2018,Honda,City,1.5L I-VTEC V MT,Manual,"37,592 km",1st Owner,Petrol,DL3C-CN8334,14565,7.45,0,"Sector-18, Noida"
2021,Tata,ALTROZ,XE PETROL,Manual,"10,551 km",2nd Owner,Petrol,DL5C-S9640,11105,5.68,0,"Sector-18, Noida"
2016,Maruti,Celerio,ZXI AMT (O),Automatic,"47,493 km",1st Owner,Petrol,DL12-CK4079,8641,4.42,0,"Sector-18, Noida"
2017,Honda,City,1.5L I-VTEC ZX CVT,Automatic,"42,012 km",1st Owner,Petrol,DL10-CJ1062,15494,8.14,0,"Sector-18, Noida"
2017,Hyundai,Creta,SX PLUS AT 1.6 PETROL,Automatic,"41,711 km",1st Owner,Petrol,DL5C-P1052,16484,8.66,0,"Sector-18, Noida"
2019,Volkswagen,Polo,COMFORTLINE 1.0L MPI,Manual,"68,763 km",1st Owner,Petrol,DL12-CS2376,10968,5.61,0,"Sector-18, Noida"
2022,Maruti,Alto,VXI,Manual,"2,116 km",1st Owner,Petrol,DL12-CV6681,7937,4.06,0,"Sector-18, Noida"
2021,Hyundai,VENUE,SX PLUS 1.0 TURBO DCT,Automatic,"18,098 km",1st Owner,Petrol,DL5C-T6006,20557,10.8,0,"Sector-18, Noida"
2021,Maruti,Baleno,SIGMA PETROL 1.2,Manual,"11,204 km",1st Owner,Petrol,DL3C-CU5657,11496,5.88,0,"Sector-18, Noida"
2014,Maruti,Wagon,R 1.0 LXI,Manual,"57,918 km",2nd Owner,Petrol,DL5C-J7022,5761,2.59,0,"Sector-18, Noida"
2020,Maruti,S,PRESSO VXI+,Manual,"19,520 km",1st Owner,Petrol,DL2C-BB5631,8270,4.23,0,"Sector-18, Noida"
2021,Hyundai,VENUE,SX 1.5 CRDI,Manual,"46,063 km",1st Owner,Diesel,DL9C-AX2258,17340,9.11,0,"Sector-18, Noida"
2022,Tata,Harrier,XZA PLUS 2.0L DARK EDITION,Automatic,"23,864 km",1st Owner,Diesel,UP16-DH0427,31977,16.8,0,"Sector-18, Noida"
2021,Renault,Kwid,RXL,Manual,"51,750 km",1st Owner,Petrol,DL3C-CU5107,6608,3.38,0,"Sector-18, Noida"
2023,Maruti,Alto,K10 VXI,Manual,"9,400 km",1st Owner,Petrol,UP14-FM8092,9169,4.69,0,"Sector-18, Noida"
2017,Honda,Amaze,1.2L I-VTEC S,Manual,"95,120 km",1st Owner,CNG,DL10-CJ2072,8465,4.33,0,"Sector-18, Noida"
2019,Ford,Ecosport,AMBIENTE 1.5L PETROL,Manual,"35,014 km",1st Owner,Petrol,DL12-CR0466,12786,6.54,0,"Sector-18, Noida"
2014,Toyota,Corolla,Altis G PETROL,Manual,"78,957 km",2nd Owner,Petrol,UP78-DS0010,11723,5.27,0,"Sector-18, Noida"
2013,Volkswagen,Polo,COMFORTLINE 1.2L PETROL,Manual,"70,274 km",1st Owner,Petrol,DL3C-BW1697,7795,2.96,0,"Sector-18, Noida"
2019,Tata,NEXON,XM PETROL,Manual,"18,382 km",1st Owner,Petrol,UP14-EH5004,13235,6.77,0,"Sector-18, Noida"
2022,Maruti,Celerio,LXI,Manual,"10,035 km",1st Owner,Petrol,DL9C-AY6651,9736,4.98,0,"Sector-18, Noida"
2022,Honda,Amaze,1.2L I-VTEC S CVT,Automatic,"17,110 km",1st Owner,Petrol,UP16-DK4136,14448,7.39,0,"Sector-18, Noida"
2019,Maruti,Baleno,DELTA CVT PETROL 1.2,Automatic,"36,013 km",1st Owner,Petrol,UP14-EF0386,11535,5.9,0,"Sector-18, Noida"
2016,Hyundai,Creta,SX PLUS 1.6 PETROL,Manual,"1,22,390 km",1st Owner,Petrol,UP16-BE9271,14526,6.53,0,"Sector-18, Noida"
2022,Tata,NEXON,XM SUNROOF PETROL,Manual,"13,536 km",1st Owner,Petrol,DL9C-AY2657,15665,8.23,0,"Sector-18, Noida"
2021,Renault,TRIBER,RXL MT,Manual,"42,964 km",1st Owner,Petrol,DL3C-CV2343,10049,5.14,0,"Sector-18, Noida"
2017,Honda,WR-V,1.2L I-VTEC VX MT,Manual,"26,623 km",1st Owner,Petrol,DL3C-CM7351,12825,6.56,0,"Sector-18, Noida"
2021,Maruti,Baleno,DELTA PETROL 1.2,Manual,"33,717 km",1st Owner,Petrol,DL3C-CU0488,12160,6.22,0,"Sector-18, Noida"
2016,Maruti,Baleno,ZETA PETROL 1.2,Manual,"47,984 km",2nd Owner,Petrol,DL10-CT9136,8974,4.59,0,"Sector-18, Noida"
2018,Maruti,Celerio,VXI,Manual,"11,942 km",1st Owner,Petrol,DL12-CN1604,7918,4.05,0,"Sector-18, Noida"
2017,Maruti,Celerio,VXI,Manual,"67,082 km",1st Owner,Petrol,UP80-ED1631,7292,3.73,0,"Sector-18, Noida"
2020,Honda,Amaze,1.2L I-VTEC S CVT,Automatic,"9,644 km",1st Owner,Petrol,DL10-CN8188,13587,6.95,0,"Sector-18, Noida"
2017,Datsun,Go,ANNIVERSARY EDITION,Manual,"59,370 km",2nd Owner,Petrol,DL8C-AR3864,5142,2.63,0,"Sector-18, Noida"
2015,Maruti,Swift,VXI,Manual,"29,778 km",1st Owner,Petrol,DL3C-CJ0727,8250,4.22,0,"Sector-18, Noida"
2015,Hyundai,Verna,FLUIDIC 4S 1.6 VTVT S,Manual,"72,498 km",1st Owner,Petrol,DL8C-AM9403,10616,5.43,0,"Sector-18, Noida"
2016,Hyundai,Creta,SX PLUS AT 1.6 PETROL,Automatic,"60,846 km",3rd Owner,Petrol,DL5C-N4943,13646,6.98,0,"Sector-18, Noida"
2024,Tata,PUNCH,PURE MT,Manual,"5,048 km",1st Owner,Petrol,UP13-CJ1326,12493,6.39,0,"Sector-18, Noida"
2014,Maruti,Ritz,ZXI,Manual,"64,292 km",2nd Owner,Petrol,DL6C-P2425,6050,2.72,0,"Sector-18, Noida"
2023,MG,HECTOR,SHARP PRO 1.5 PETROL TURBO CVT PETROL,Automatic,"12,417 km",1st Owner,Petrol,DL8C-BG8886,36888,19.38,0,"Sector-18, Noida"
2019,Maruti,Celerio,VXI CNG,Manual,"60,076 km",1st Owner,CNG,DL12-CQ7672,8231,4.21,0,"Sector-18, Noida"
2015,Honda,Amaze,1.2L I-VTEC E,Manual,"41,645 km",1st Owner,Petrol,DL4C-AU3854,6608,3.38,0,"Sector-18, Noida"
2018,Maruti,IGNIS,ZETA 1.2 AMT,Automatic,"48,151 km",1st Owner,Petrol,DL8C-AT3480,9345,4.78,0,"Sector-18, Noida"
2016,Hyundai,i10,MAGNA 1.1,Manual,"59,405 km",1st Owner,Petrol,DL8C-AP2602,6041,3.09,0,"Sector-18, Noida"
2014,Maruti,Alto,800 LXI,Manual,"11,865 km",1st Owner,Petrol,DL14-CB0741,5072,2.28,0,"Sector-18, Noida"
2019,Maruti,Celerio,VXI,Manual,"63,194 km",1st Owner,Petrol,HR29-AT5606,7937,4.06,0,"M3M Urbana, Golf Course Ext., ..."
2022,Nissan,MAGNITE,XE,Manual,"20,338 km",1st Owner,Petrol,HR30-Z1855,11163,5.71,0,"M3M Urbana, Golf Course Ext., ..."
2015,Hyundai,Elite,i20 MAGNA 1.2,Manual,"66,663 km",1st Owner,Petrol,DL10-CS7599,8661,4.43,0,"M3M Urbana, Golf Course Ext., ..."
2021,Maruti,Vitara,Brezza VXI AT SHVS,Automatic,"29,125 km",2nd Owner,Petrol,HR26-EQ8060,16617,8.73,0,"M3M Urbana, Golf Course Ext., ..."
2019,Ford,Ecosport,TITANIUM 1.5L DIESEL,Manual,"68,051 km",1st Owner,Diesel,HR26-EC7583,16283,7.32,0,"M3M Urbana, Golf Course Ext., ..."
2022,Volkswagen,VIRTUS,COMFORTLINE TSI 1.0 MT,Manual,"27,653 km",1st Owner,Petrol,HR26-EW8316,17473,9.18,0,"M3M Urbana, Golf Course Ext., ..."
2021,Honda,City,1.5L I-VTEC ZX,Manual,"28,369 km",1st Owner,Petrol,HR36-AK8397,20995,11.03,0,"M3M Urbana, Golf Course Ext., ..."
2021,Maruti,Swift,VXI AMT,Automatic,"11,486 km",1st Owner,Petrol,DL9C-AW1995,12414,6.35,0,"M3M Urbana, Golf Course Ext., ..."
2019,Jeep,Compass,SPORT 2.0 DIESEL,Manual,"93,467 km",1st Owner,Diesel,HR50-H1900,21286,9.79,0,"M3M Urbana, Golf Course Ext., ..."
2015,Maruti,Alto,K10 VXI,Manual,"45,475 km",3rd Owner,Petrol,DL9C-AK4929,4536,2.32,0,"M3M Urbana, Golf Course Ext., ..."
2020,Jeep,Compass,LIMITED PLUS DIESEL,Manual,"47,583 km",1st Owner,Diesel,HR26-EK0645,31007,16.29,0,"M3M Urbana, Golf Course Ext., ..."
2021,Hyundai,Creta,SX 1.5 DIESEL,Manual,"25,879 km",1st Owner,Diesel,HR51-CD3786,26299,13.82,0,"M3M Urbana, Golf Course Ext., ..."
2018,Maruti,Swift,LXI,Manual,"53,062 km",1st Owner,Petrol,HR72-D1272,8465,4.33,0,"M3M Urbana, Golf Course Ext., ..."
2020,Jeep,Compass,SPORT PLUS 1.4 PETROL,Manual,"75,716 km",1st Owner,Petrol,HR10-AM0107,20976,11.02,0,"M3M Urbana, Golf Course Ext., ..."
2021,Hyundai,Creta,S 1.5 PETROL,Manual,"20,633 km",1st Owner,Petrol,HR98-A5141,21280,11.18,0,"M3M Urbana, Golf Course Ext., ..."
2022,Maruti,BREZZA,ZXI SMART HYBRID DUAL TONE,Manual,"28,284 km",1st Owner,Petrol,HR30-Z6223,20957,11.01,0,"M3M Urbana, Golf Course Ext., ..."
2021,Renault,Duster,RXZ 1.3 TURBO PETROL MT,Manual,"50,108 km",1st Owner,Petrol,HR51-CF8061,17702,9.3,0,"M3M Urbana, Golf Course Ext., ..."
2022,Tata,NEXON,XM SUNROOF DIESEL,Manual,"45,834 km",1st Owner,Diesel,HR51-CG8851,15912,8.36,0,"M3M Urbana, Golf Course Ext., ..."
2013,Hyundai,i10,MAGNA 1.2,Manual,"55,217 km",2nd Owner,Petrol,HR26-BY7381,6004,2.28,0,"M3M Urbana, Golf Course Ext., ..."
2021,Tata,ALTROZ,XM PLUS PETROL,Manual,"43,427 km",2nd Owner,Petrol,HR22-S7462,11272,5.77,0,"M3M Urbana, Golf Course Ext., ..."
2018,Hyundai,Tucson,2WD MT PETROL,Manual,"43,368 km",1st Owner,Petrol,HR26-DN3720,23789,12.5,0,"M3M Urbana, Golf Course Ext., ..."
2021,Tata,Tiago,XT PETROL,Manual,"38,180 km",1st Owner,Petrol,HR29-AW9632,9795,5.01,0,"M3M Urbana, Golf Course Ext., ..."
2021,Hyundai,NEW,SANTRO SPORTZ AMT,Automatic,"21,850 km",1st Owner,Petrol,HR98-C0447,10596,5.42,0,"M3M Urbana, Golf Course Ext., ..."
2018,Jeep,Compass,LIMITED (O) 2.0 DIESEL 4X4,Manual,"53,437 km",2nd Owner,Diesel,HR81-A2519,25535,9.88,0,"M3M Urbana, Golf Course Ext., ..."
2023,Maruti,Swift,VXI,Manual,"14,887 km",1st Owner,Petrol,HR87-K3035,12473,6.38,0,"M3M Urbana, Golf Course Ext., ..."
2016,Hyundai,Creta,SX PLUS ANNIVERSARY EDITION 1.6 PETROL,Manual,"68,339 km",1st Owner,Petrol,HR36-AA1001,14721,7.53,0,"M3M Urbana, Golf Course Ext., ..."
2019,Honda,Amaze,1.2L I-VTEC S,Manual,"39,901 km",2nd Owner,Petrol,HR87-D1266,10088,5.16,0,"M3M Urbana, Golf Course Ext., ..."
2018,Honda,City,1.5L I-VTEC ZX CVT,Automatic,"82,136 km",2nd Owner,Petrol,HR26-DM6723,15132,7.74,0,"M3M Urbana, Golf Course Ext., ..."
2020,Maruti,New,Wagon-R LXI CNG (O) 1.0,Manual,"18,852 km",1st Owner,CNG,HR26-EF9887,10889,5.57,0,"M3M Urbana, Golf Course Ext., ..."
2022,Tata,NEXON,XM PLUS SUNROOF PETROL,Manual,"22,251 km",1st Owner,Petrol,HR50-J2703,15347,7.85,0,"M3M Urbana, Golf Course Ext., ..."
2015,Hyundai,Creta,SX PLUS 1.6 PETROL,Manual,"1,02,963 km",3rd Owner,Petrol,HR26-CT5124,13347,6,0,"M3M Urbana, Golf Course Ext., ..."
2011,Toyota,Corolla,Altis G PETROL,Manual,"80,901 km",2nd Owner,Petrol,HR26-BK3567,12663,2.69,0,"M3M Urbana, Golf Course Ext., ..."
2019,Mahindra,XUV300,W8 (O) 1.2 PETROL,Manual,"58,737 km",1st Owner,Petrol,HR13-P4949,14291,7.31,0,"M3M Urbana, Golf Course Ext., ..."
2021,Tata,PUNCH,CREATIVE AMT 1.2 RTN DUAL TONE,Automatic,"14,582 km",1st Owner,Petrol,HR98-C5193,15132,7.74,0,"M3M Urbana, Golf Course Ext., ..."
2022,KIA,CARENS,LUXURY PLUS 1.5 DIESEL AT 6 STR,Automatic,"23,444 km",2nd Owner,Diesel,HR98-J8270,29579,15.54,0,"M3M Urbana, Golf Course Ext., ..."
2016,Maruti,Alto,800 LXI,Manual,"89,853 km",1st Owner,Petrol,HR26-CZ3801,4418,2.26,0,"M3M Urbana, Golf Course Ext., ..."
2021,Maruti,Dzire,VXI AMT,Automatic,"49,622 km",1st Owner,Petrol,HR26-EQ4673,12762,6.53,0,"M3M Urbana, Golf Course Ext., ..."
2021,Renault,Kiger,RXZ AMT,Automatic,"30,195 km",1st Owner,Petrol,HR51-CE0327,14096,7.21,0,"M3M Urbana, Golf Course Ext., ..."
2022,Tata,Safari,XMA,Automatic,"20,858 km",1st Owner,Diesel,HR98-E7772,32643,17.15,0,"M3M Urbana, Golf Course Ext., ..."
2017,Hyundai,Creta,SX PLUS AT 1.6 PETROL,Automatic,"95,409 km",2nd Owner,Petrol,HR26-DC9499,14252,7.29,0,"M3M Urbana, Golf Course Ext., ..."
2022,Tata,NEXON,XZA PLUS (O) PETROL,Automatic,"30,129 km",1st Owner,Petrol,HR72-G8274,19110,10.04,0,"M3M Urbana, Golf Course Ext., ..."
2020,Maruti,Baleno,ZETA PETROL 1.2,Manual,"72,471 km",2nd Owner,Petrol,HR70-F7888,11192,5.72,0,"M3M Urbana, Golf Course Ext., ..."
2020,Hyundai,VENUE,S 1.2,Manual,"26,467 km",1st Owner,Petrol,HR26-EK7697,13861,7.09,0,"M3M Urbana, Golf Course Ext., ..."
2018,Honda,BR-V,1.5L I- DTEC VX,Manual,"1,16,190 km",1st Owner,Diesel,HR10-AF7365,16985,6.45,0,"M3M Urbana, Golf Course Ext., ..."
2019,Hyundai,Creta,SX AT 1.6 DIESEL,Automatic,"67,168 km",1st Owner,Diesel,HR26-DX6080,23051,10.6,0,"M3M Urbana, Golf Course Ext., ..."
2019,Toyota,Glanza,G CVT,Automatic,"55,311 km",2nd Owner,Petrol,HR26-EF9355,12278,6.28,0,"M3M Urbana, Golf Course Ext., ..."
2013,Hyundai,Eon,MAGNA +,Manual,"67,222 km",1st Owner,Petrol,HR26-CC0341,5056,1.92,0,"M3M Urbana, Golf Course Ext., ..."
2019,Ford,Ecosport,TITANIUM + 1.5L PETROL AT,Automatic,"58,384 km",2nd Owner,Petrol,HR26-DW9828,15054,7.7,0,"M3M Urbana, Golf Course Ext., ..."
2023,Renault,Kwid,RXT 1.0 AMT,Automatic,"2,369 km",1st Owner,Petrol,HR51-CK4058,10577,5.41,0,"M3M Urbana, Golf Course Ext., ..."
2015,Honda,Amaze,1.2L I-VTEC SX,Manual,"65,475 km",1st Owner,Petrol,HR51-BD8612,7194,3.68,0,"M3M Urbana, Golf Course Ext., ..."
2017,Maruti,Wagon,R 1.0 VXI,Manual,"43,944 km",1st Owner,Petrol,HR51-BR9452,6823,3.49,0,"M3M Urbana, Golf Course Ext., ..."
2020,Tata,ALTROZ,XE PETROL,Manual,"61,103 km",1st Owner,Petrol,HR98-2340,9814,5.02,0,"M3M Urbana, Golf Course Ext., ..."
2020,Maruti,New,Wagon-R VXI 1.2,Manual,"30,400 km",1st Owner,Petrol,HR26-EJ3260,9521,4.87,0,"M3M Urbana, Golf Course Ext., ..."
2020,Maruti,New,Wagon-R LXI 1.0,Manual,"64,042 km",1st Owner,Petrol,HR26-EG6766,8974,4.59,0,"M3M Urbana, Golf Course Ext., ..."
2020,Tata,Tiago,XZ PLUS PETROL,Manual,"66,943 km",1st Owner,Petrol,HR36-AH8642,10479,5.36,0,"M3M Urbana, Golf Course Ext., ..."
2020,Maruti,S,PRESSO VXI CNG,Manual,"64,311 km",1st Owner,CNG,HR14-S6540,8387,4.29,0,"M3M Urbana, Golf Course Ext., ..."
2017,Honda,WR-V,1.2L I-VTEC VX MT,Manual,"37,935 km",2nd Owner,Petrol,HR26-DK2802,12610,6.45,0,"M3M Urbana, Golf Course Ext., ..."
2016,Maruti,Wagon,R 1.0 VXI,Manual,"1,21,389 km",1st Owner,Petrol,HR26-CZ4202,6562,2.95,0,"M3M Urbana, Golf Course Ext., ..."
2020,Tata,NEXON,XZ PLUS (O) PETROL DUAL TONE,Manual,"43,032 km",1st Owner,Petrol,HR03-AA4930,15696,8.25,0,"M3M Urbana, Golf Course Ext., ..."
2020,Maruti,New,Wagon-R LXI 1.0,Manual,"54,194 km",1st Owner,Petrol,HR26-EL7471,8915,4.56,0,"M3M Urbana, Golf Course Ext., ..."
2016,Hyundai,Creta,S 1.6 PETROL,Manual,"77,095 km",1st Owner,Petrol,HR26-CV3110,13685,7,0,"M3M Urbana, Golf Course Ext., ..."
2020,Maruti,Baleno,ZETA PETROL 1.2,Manual,"34,834 km",1st Owner,Petrol,HR26-EH2893,12238,6.26,0,"M3M Urbana, Golf Course Ext., ..."
2018,Maruti,Ciaz,ALPHA AT 1.4 PETROL,Automatic,"48,743 km",2nd Owner,Petrol,HR26-DQ9532,13666,6.99,0,"M3M Urbana, Golf Course Ext., ..."
2016,Hyundai,Creta,SX PLUS AT 1.6 PETROL,Automatic,"90,739 km",1st Owner,Petrol,HR26-CZ3459,14369,7.35,0,"M3M Urbana, Golf Course Ext., ..."
2016,Hyundai,Grand,i10 ASTA 1.2 KAPPA VTVT,Manual,"72,561 km",1st Owner,Petrol,HR29-BC2917,8641,4.42,0,"M3M Urbana, Golf Course Ext., ..."
2020,Maruti,Baleno,DELTA PETROL 1.2,Manual,"31,279 km",1st Owner,Petrol,HR26-EJ7097,11789,6.03,0,"M3M Urbana, Golf Course Ext., ..."
2011,Maruti,Swift,VXI,Manual,"48,906 km",1st Owner,Petrol,DL2C-AN1948,10921,2.32,0,"M3M Urbana, Golf Course Ext., ..."
2019,Maruti,Baleno,DELTA PETROL 1.2,Manual,"47,849 km",2nd Owner,CNG,HR26-DY2773,10831,5.54,0,"M3M Urbana, Golf Course Ext., ..."
2019,Honda,Amaze,1.2L I-VTEC S,Manual,"24,871 km",1st Owner,Petrol,HR36-AG6670,11476,5.87,0,"M3M Urbana, Golf Course Ext., ..."
2021,Renault,TRIBER,RXE MT,Manual,"28,929 km",1st Owner,Petrol,HR26-ER1413,10498,5.37,0,"M3M Urbana, Golf Course Ext., ..."
2015,Honda,City,1.5L I-VTEC V MT,Manual,"83,104 km",2nd Owner,Petrol,HR26-CR5032,9783,5,0,"M3M Urbana, Golf Course Ext., ..."
2021,Maruti,Baleno,DELTA PETROL 1.2,Manual,"29,923 km",1st Owner,Petrol,HR26-ES4036,12375,6.33,0,"M3M Urbana, Golf Course Ext., ..."
2018,Maruti,Baleno,ZETA PETROL 1.2,Manual,"45,853 km",2nd Owner,Petrol,HR26-DP9893,10205,5.22,0,"M3M Urbana, Golf Course Ext., ..."
2021,Renault,TRIBER,RXZ AMT,Automatic,"24,190 km",1st Owner,Petrol,HR26-ET8578,14369,7.35,0,"M3M Urbana, Golf Course Ext., ..."
2014,Honda,City,1.5L I-VTEC V MT,Manual,"50,752 km",1st Owner,Petrol,HR26-CG9806,11055,4.97,0,"M3M Urbana, Golf Course Ext., ..."
2021,Mahindra,XUV300,W8 (O) 1.2 PETROL AMT,Automatic,"16,669 km",1st Owner,Petrol,HR98-A9628,21090,11.08,0,"M3M Urbana, Golf Course Ext., ..."
2018,Maruti,Baleno,ZETA CVT PETROL 1.2,Automatic,"54,458 km",2nd Owner,Petrol,HR87-B0237,10948,5.6,0,"M3M Urbana, Golf Course Ext., ..."
2019,Maruti,Baleno,ZETA PETROL 1.2,Manual,"59,602 km",2nd Owner,Petrol,HR26-DZ7353,11730,6,0,"M3M Urbana, Golf Course Ext., ..."
2018,Maruti,Baleno,DELTA CVT PETROL 1.2,Automatic,"94,466 km",1st Owner,Petrol,HR51-BU7815,10362,5.3,0,"M3M Urbana, Golf Course Ext., ..."
2016,Hyundai,Grand,i10 ASTA (O) AT 1.2 KAPPA VTVT,Automatic,"49,812 km",2nd Owner,Petrol,HR07-X9174,9267,4.74,0,"M3M Urbana, Golf Course Ext., ..."
2011,Maruti,Wagon,R 1.0 LX,Manual,"93,282 km",1st Owner,Petrol,DL3C-BV6840,8379,1.78,0,"M3M Urbana, Golf Course Ext., ..."
2016,Maruti,Baleno,ALPHA PETROL 1.2,Manual,"89,506 km",1st Owner,Petrol,DL6C-P9546,9130,4.67,0,"M3M Urbana, Golf Course Ext., ..."
2021,Maruti,S,PRESSO VXI (O),Manual,"15,360 km",1st Owner,Petrol,HR26-ER7559,8035,4.11,0,"M3M Urbana, Golf Course Ext., ..."
2020,Maruti,Baleno,ZETA PETROL 1.2,Manual,"74,081 km",1st Owner,Petrol,HR85-D6542,11984,6.13,0,"M3M Urbana, Golf Course Ext., ..."
2011,Hyundai,i20,MAGNA 1.2,Manual,"97,176 km",1st Owner,Petrol,HR26-BL4068,9650,2.05,0,"M3M Urbana, Golf Course Ext., ..."
2017,Maruti,Celerio,VXI AMT,Automatic,"22,156 km",1st Owner,Petrol,HR26-DF3070,7957,4.07,0,"M3M Urbana, Golf Course Ext., ..."
2015,Maruti,Swift,Dzire ZXI,Manual,"43,488 km",2nd Owner,Petrol,HR26-CQ2082,8661,4.43,0,"M3M Urbana, Golf Course Ext., ..."
2013,Maruti,Swift,VXI,Manual,"82,496 km",1st Owner,Petrol,HR51-AV2398,8506,3.23,0,"M3M Urbana, Golf Course Ext., ..."
2013,Maruti,Swift,LXI,Manual,"61,671 km",1st Owner,Petrol,HR26-BZ0716,8664,3.29,0,"M3M Urbana, Golf Course Ext., ..."
2015,Hyundai,Grand,i10 ASTA AT 1.2 KAPPA VTVT,Automatic,"80,208 km",2nd Owner,Petrol,DL8C-AL3409,9032,4.62,0,"M3M Urbana, Golf Course Ext., ..."
2020,Renault,Kwid,RXT 0.8,Manual,"4,640 km",1st Owner,Petrol,HR26-EK7069,7996,4.09,0,"M3M Urbana, Golf Course Ext., ..."
2019,Mahindra,Scorpio,S9,Manual,"21,437 km",1st Owner,Diesel,HR26-DZ5354,26330,12.11,0,"M3M Urbana, Golf Course Ext., ..."
2019,Maruti,XL6,ZETA AT,Automatic,"21,515 km",1st Owner,Petrol,HR26-ED9904,19814,10.41,0,"M3M Urbana, Golf Course Ext., ..."
2015,Maruti,Ciaz,VXI+,Manual,"45,312 km",1st Owner,Petrol,DL5C-E7682,9149,4.68,0,"M3M Urbana, Golf Course Ext., ..."
2023,Volkswagen,VIRTUS,HIGHLINE TSI 1.0 AT,Automatic,"9,083 km",1st Owner,Petrol,HR98-K3810,26895,14.13,0,"M3M Urbana, Golf Course Ext., ..."
2019,Maruti,IGNIS,DELTA 1.2,Manual,"47,387 km",1st Owner,Petrol,HR51-BW6947,8719,4.46,0,"M3M Urbana, Golf Course Ext., ..."
2023,Honda,Amaze,1.2L I-VTEC VX CVT,Automatic,"8,376 km",1st Owner,Petrol,HR26-FA3635,16750,8.8,0,"M3M Urbana, Golf Course Ext., ..."
2022,Maruti,Celerio,VXI,Manual,"12,708 km",1st Owner,Petrol,HR51-CG9385,9658,4.94,0,"M3M Urbana, Golf Course Ext., ..."
2019,Mahindra,XUV500,W7 AT,Automatic,"15,070 km",2nd Owner,Diesel,HR26-DZ2249,24271,11.16,0,"M3M Urbana, Golf Course Ext., ..."
2018,Maruti,Alto,800 LXI,Manual,"67,026 km",2nd Owner,Petrol,HR50-G1397,5181,2.65,0,"M3M Urbana, Golf Course Ext., ..."
2012,Honda,Brio,S MT,Manual,"62,578 km",2nd Owner,Petrol,DL9C-U3265,7108,2.14,0,"M3M Urbana, Golf Course Ext., ..."
2019,Hyundai,NEW,SANTRO SPORTZ MT,Manual,"41,083 km",2nd Owner,Petrol,HR26-EA4418,7752,3.96,0,"M3M Urbana, Golf Course Ext., ..."
2020,Maruti,Alto,VXI,Manual,"27,508 km",1st Owner,Petrol,HR26-EM9485,6862,3.51,0,"M3M Urbana, Golf Course Ext., ..."
2017,Hyundai,Creta,SX PLUS AT 1.6 PETROL,Automatic,"97,470 km",1st Owner,Petrol,HR26-DE2005,14956,7.65,0,"M3M Urbana, Golf Course Ext., ..."
2022,Tata,NEXON,XZ PLUS PETROL,Manual,"30,719 km",1st Owner,Petrol,HR98-E5215,16484,8.66,0,"M3M Urbana, Golf Course Ext., ..."
2016,Honda,City,1.5L I-VTEC SV,Manual,"97,885 km",2nd Owner,Petrol,DL2C-AV6071,10772,5.51,0,"M3M Urbana, Golf Course Ext., ..."
2016,Maruti,Baleno,ALPHA PETROL 1.2,Manual,"32,779 km",1st Owner,Petrol,HR26-CV1419,10772,5.51,0,"M3M Urbana, Golf Course Ext., ..."
2015,Maruti,Swift,LXI (O),Manual,"65,365 km",1st Owner,Petrol,DL3C-CF2493,7234,3.7,0,"M3M Urbana, Golf Course Ext., ..."
2017,Maruti,Dzire,VXI AMT,Automatic,"29,675 km",1st Owner,Petrol,HR51-BQ9535,11632,5.95,0,"M3M Urbana, Golf Course Ext., ..."
2021,Maruti,IGNIS,ALPHA 1.2,Manual,"30,314 km",1st Owner,Petrol,HR51-CF5813,12160,6.22,0,"M3M Urbana, Golf Course Ext., ..."
2017,Hyundai,Grand,i10 SPORTZ (O) 1.2 KAPPA VTVT,Manual,"51,401 km",1st Owner,Petrol,HR51-BR1598,7859,4.02,0,"M3M Urbana, Golf Course Ext., ..."
2016,Hyundai,Elite,i20 MAGNA 1.2,Manual,"74,240 km",1st Owner,Petrol,DL8C-AC6229,8798,4.5,0,"M3M Urbana, Golf Course Ext., ..."
2019,Toyota,Innova,Crysta 2.4 VX 8 STR,Manual,"84,135 km",1st Owner,Diesel,HR51-BY6175,33505,15.41,0,"M3M Urbana, Golf Course Ext., ..."
2021,Hyundai,VENUE,S 1.2,Manual,"19,866 km",1st Owner,Petrol,HR29-AX1518,14878,7.61,0,"M3M Urbana, Golf Course Ext., ..."
2021,Tata,Safari,XT PLUS,Manual,"42,072 km",1st Owner,Diesel,HR29-AX0910,28532,14.99,0,"M3M Urbana, Golf Course Ext., ..."
2021,Maruti,XL6,ZETA AT,Automatic,"27,739 km",1st Owner,Petrol,HR29-AY0182,19735,10.37,0,"M3M Urbana, Golf Course Ext., ..."
2018,Hyundai,Xcent,S 1.2,Manual,"90,833 km",1st Owner,CNG,HR51-BV3793,9208,4.71,0,"M3M Urbana, Golf Course Ext., ..."
2023,Tata,Tiago,XT (O) PETROL,Manual,"12,657 km",1st Owner,Petrol,HR87-L8126,11222,5.74,0,"M3M Urbana, Golf Course Ext., ..."
2020,KIA,SONET,GTX PLUS 1.0 IMT,Manual,"37,438 km",2nd Owner,Petrol,HR05-BD0841,17892,9.4,0,"M3M Urbana, Golf Course Ext., ..."
2018,Renault,Kwid,RXT 1.0 (O),Manual,"71,796 km",1st Owner,Petrol,HR51-BU3841,5709,2.92,0,"M3M Urbana, Golf Course Ext., ..."
2022,Renault,TRIBER,RXT,Manual,"7,021 km",1st Owner,Petrol,HR87-J4561,12786,6.54,0,"M3M Urbana, Golf Course Ext., ..."
2017,Renault,Duster,RXS CVT,Automatic,"46,813 km",1st Owner,Petrol,HR26-DY9299,12082,6.18,0,"M3M Urbana, Golf Course Ext., ..."
2023,Tata,Tiago,XE PETROL,Manual,"7,441 km",1st Owner,Petrol,HR26-FG1991,10186,5.21,0,"M3M Urbana, Golf Course Ext., ..."
2016,Honda,Amaze,1.2L I-VTEC VX,Manual,"54,809 km",2nd Owner,Petrol,HR06-AJ2838,7976,4.08,0,"M3M Urbana, Golf Course Ext., ..."
2019,Mahindra,XUV300,W4 1.2 PETROL,Manual,"59,332 km",1st Owner,Petrol,HR51-BW1077,12512,6.4,0,"M3M Urbana, Golf Course Ext., ..."
2019,Maruti,Swift,ZXI,Manual,"43,834 km",1st Owner,Petrol,HR26-EE4426,11632,5.95,0,"M3M Urbana, Golf Course Ext., ..."
2018,Datsun,Go,T(O),Manual,"31,754 km",1st Owner,Petrol,HR26-EC2778,8543,4.37,0,"M3M Urbana, Golf Course Ext., ..."
2017,Maruti,Celerio,VXI AMT,Automatic,"29,841 km",1st Owner,Petrol,HR26-DH6301,8465,4.33,0,"M3M Urbana, Golf Course Ext., ..."
2020,KIA,SELTOS,GTX 1.4 PETROL,Manual,"71,222 km",1st Owner,Petrol,HR26-EL4633,22498,11.82,0,"M3M Urbana, Golf Course Ext., ..."
2022,Mahindra,Bolero,B6,Manual,"22,038 km",1st Owner,Diesel,HR98-F3626,19719,10.36,0,"M3M Urbana, Golf Course Ext., ..."
2013,Maruti,Alto,800 LXI ANNIVERSARY EDITION,Manual,"43,820 km",1st Owner,Petrol,HR26-CC8202,5828,2.21,0,"M3M Urbana, Golf Course Ext., ..."
2022,Maruti,Baleno,SIGMA PETROL 1.2,Manual,"27,464 km",1st Owner,Petrol,HR26-EV2472,12297,6.29,0,"M3M Urbana, Golf Course Ext., ..."
2021,KIA,SONET,HTX 1.0 IMT,Manual,"22,016 km",1st Owner,Petrol,HR98-A4809,17359,9.12,0,"M3M Urbana, Golf Course Ext., ..."
2020,Maruti,Vitara,Brezza ZXI PLUS DUAL TONE,Manual,"54,467 km",1st Owner,Petrol,HR26-EH2160,15836,8.32,0,"M3M Urbana, Golf Course Ext., ..."
2022,Nissan,MAGNITE,XV PREMIUM TURBO,Manual,"26,583 km",1st Owner,Petrol,HR26-EU4329,17854,9.38,0,"M3M Urbana, Golf Course Ext., ..."
2022,Maruti,Ciaz,ZETA AT 1.5 SHVS PETROL,Automatic,"21,566 km",1st Owner,Petrol,HR26-EY4812,19548,10.27,0,"M3M Urbana, Golf Course Ext., ..."
2022,KIA,SONET,HTK PLUS 1.0 IMT,Manual,"15,612 km",1st Owner,Petrol,HR34-M2505,18787,9.87,0,"M3M Urbana, Golf Course Ext., ..."
2017,Maruti,Celerio,ZXI AMT (O),Automatic,"43,600 km",1st Owner,Petrol,HR26-DF7474,9267,4.74,0,"M3M Urbana, Golf Course Ext., ..."
2015,Honda,City,1.5L I-VTEC SV CVT,Automatic,"98,688 km",1st Owner,Petrol,HR26-CQ4783,10342,5.29,0,"M3M Urbana, Golf Course Ext., ..."
2017,Skoda,Rapid,AMBITION 1.6 MPI AT,Automatic,"1,00,001 km",2nd Owner,Petrol,HR26-DC3048,12190,5.48,0,"M3M Urbana, Golf Course Ext., ..."
2022,Nissan,MAGNITE,XV PREMIUM,Manual,"28,711 km",1st Owner,Petrol,HR98-E7968,14975,7.66,0,"M3M Urbana, Golf Course Ext., ..."
2015,Toyota,Etios,CROSS 1.2 G,Manual,"45,032 km",1st Owner,Petrol,HR26-CR6110,9169,4.69,0,"M3M Urbana, Golf Course Ext., ..."
2012,Hyundai,i10,SPORTZ 1.2 AT,Automatic,"84,706 km",1st Owner,Petrol,HR26-BS7844,8337,2.51,0,"M3M Urbana, Golf Course Ext., ..."
2022,Maruti,IGNIS,ZETA 1.2 AMT,Automatic,"36,051 km",1st Owner,Petrol,HR98-C1104,13490,6.9,0,"M3M Urbana, Golf Course Ext., ..."
2019,KIA,SELTOS,GTX PLUS AT 1.5 DIESEL,Automatic,"51,955 km",1st Owner,Diesel,HR26-EE1502,29200,13.43,0,"M3M Urbana, Golf Course Ext., ..."
2020,Honda,WR-V,1.5L I-DTEC VX MT,Manual,"45,972 km",1st Owner,Diesel,HR26-EL0413,18063,9.49,0,"M3M Urbana, Golf Course Ext., ..."
2022,Tata,NEXON,XZA PLUS DIESEL,Automatic,"34,248 km",1st Owner,Diesel,HR08-AE7184,21604,11.35,0,"M3M Urbana, Golf Course Ext., ..."
2018,Hyundai,Grand,i10 SPORTZ 1.2 KAPPA VTVT,Manual,"10,212 km",1st Owner,Petrol,HR26-DU6508,9697,4.96,0,"M3M Urbana, Golf Course Ext., ..."
2016,Maruti,Baleno,DELTA PETROL 1.2,Manual,"33,099 km",1st Owner,Petrol,HR26-CY6444,9521,4.87,0,"M3M Urbana, Golf Course Ext., ..."
2022,Tata,PUNCH,CREATIVE 1.2 RTN DUAL TONE,Manual,"20,770 km",1st Owner,Petrol,HR42-H4475,16065,8.44,0,"M3M Urbana, Golf Course Ext., ..."
2021,Maruti,Vitara,Brezza LXI,Manual,"22,111 km",1st Owner,Petrol,HR26-EQ6101,13861,7.09,0,"M3M Urbana, Golf Course Ext., ..."
2015,Hyundai,Grand,i10 MAGNA 1.2 KAPPA VTVT,Manual,"62,902 km",3rd Owner,Petrol,DL10-CG5201,6178,3.16,0,"M3M Urbana, Golf Course Ext., ..."
2016,Hyundai,i10,MAGNA 1.1,Manual,"41,176 km",1st Owner,Petrol,DL8C-AC3822,6491,3.32,0,"M3M Urbana, Golf Course Ext., ..."
2017,Maruti,Baleno,DELTA PETROL 1.2,Manual,"84,098 km",1st Owner,Petrol,DL12-CM5936,8680,4.44,0,"M3M Urbana, Golf Course Ext., ..."
2014,Hyundai,Grand,i10 ASTA AT 1.2 KAPPA VTVT,Automatic,"36,341 km",1st Owner,Petrol,HR26-CG0697,9187,4.13,0,"M3M Urbana, Golf Course Ext., ..."
2021,Tata,NEXON,XE PETROL,Manual,"32,892 km",1st Owner,CNG,DL9C-AW2033,13783,7.05,0,"M3M Urbana, Golf Course Ext., ..."
2019,Hyundai,Creta,SX AT 1.6 PETROL,Automatic,"34,348 km",2nd Owner,Petrol,HR26-EE5723,20462,10.75,0,"M3M Urbana, Golf Course Ext., ..."
2020,Volkswagen,Polo,TRENDLINE 1.0L,Manual,"32,473 km",1st Owner,Petrol,HR76-F7171,10440,5.34,0,"M3M Urbana, Golf Course Ext., ..."
2020,Hyundai,VENUE,S 1.4 CRDI,Manual,"46,446 km",1st Owner,Diesel,HR26-EZ9713,14369,7.35,0,"M3M Urbana, Golf Course Ext., ..."
2012,Hyundai,i10,MAGNA 1.2,Manual,"52,773 km",2nd Owner,Petrol,DL10-CD7092,6610,1.99,0,"M3M Urbana, Golf Course Ext., ..."
2022,Honda,Amaze,1.2L I-VTEC S,Manual,"12,644 km",1st Owner,Petrol,HR51-CH1025,12571,6.43,0,"M3M Urbana, Golf Course Ext., ..."
2012,Hyundai,i10,SPORTZ 1.2 AT,Automatic,"42,002 km",2nd Owner,Petrol,DL3C-BZ1273,8304,2.5,0,"M3M Urbana, Golf Course Ext., ..."
2021,Maruti,New,Wagon-R LXI CNG 1.0,Manual,"43,689 km",1st Owner,CNG,HR13-S1002,10381,5.31,0,"M3M Urbana, Golf Course Ext., ..."
2021,Maruti,Dzire,ZXI Plus AMT,Automatic,"23,264 km",2nd Owner,Petrol,HR26-EQ2757,13998,7.16,0,"M3M Urbana, Golf Course Ext., ..."
2022,Tata,TIGOR,XZ PLUS CNG,Manual,"23,518 km",1st Owner,CNG,HR26-EY4755,14213,7.27,0,"M3M Urbana, Golf Course Ext., ..."
2016,Tata,Tiago,XT PETROL,Manual,"39,360 km",1st Owner,Petrol,HR26-CZ8690,6764,3.46,0,"M3M Urbana, Golf Course Ext., ..."
2022,Tata,Tiago,XZ PLUS CNG,Manual,"30,034 km",1st Owner,CNG,HR10-AQ0548,13470,6.89,0,"M3M Urbana, Golf Course Ext., ..."
2022,Hyundai,Creta,SX IVT 1.5 PETROL,Automatic,"23,516 km",1st Owner,Petrol,HR26-EW4400,28780,15.12,0,"M3M Urbana, Golf Course Ext., ..."
2012,Hyundai,i10,ERA 1.1,Manual,"50,949 km",1st Owner,Petrol,HR26-BV8470,6510,1.96,0,"M3M Urbana, Golf Course Ext., ..."
2019,Maruti,Ciaz,ALPHA AT 1.5 SHVS PETROL,Automatic,"74,232 km",1st Owner,Petrol,HR26-DY9596,14936,7.64,0,"M3M Urbana, Golf Course Ext., ..."
2018,Hyundai,Elite,i20 ERA 1.2,Manual,"74,210 km",1st Owner,CNG,HR26-DM0158,9853,5.04,0,"M3M Urbana, Golf Course Ext., ..."
2023,Maruti,Swift,LXI,Manual,"11,194 km",1st Owner,Petrol,HR26-FK4321,10929,5.59,0,"M3M Urbana, Golf Course Ext., ..."
2022,Tata,PUNCH,ADVENTURE AMT,Automatic,"4,971 km",1st Owner,Petrol,HR26-EV5843,12629,6.46,0,"M3M Urbana, Golf Course Ext., ..."
2020,Maruti,Baleno,SIGMA PETROL 1.2,Manual,"13,172 km",1st Owner,Petrol,DL6C-S6143,10518,5.38,0,"M3M Urbana, Golf Course Ext., ..."
